<?xml version="1.0" encoding="UTF-8"?>
<project-private xmlns="http://www.netbeans.org/ns/project-private/1">
    <editor-bookmarks xmlns="http://www.netbeans.org/ns/editor-bookmarks/2" lastBookmarkId="0"/>
    <open-files xmlns="http://www.netbeans.org/ns/projectui-open-files/2">
        <group>
            <file>file:/C:/Users/Utilisateur/Documents/NetBeansProjects/ges-inscription/src/application/FXMLDocumentController.java</file>
            <file>file:/C:/Users/Utilisateur/Documents/NetBeansProjects/ges-inscription/src/entity/Classe.java</file>
            <file>file:/C:/Users/Utilisateur/Documents/NetBeansProjects/ges-inscription/src/entity/Professeur.java</file>
            <file>file:/C:/Users/Utilisateur/Documents/NetBeansProjects/ges-inscription/src/application/FXMLDocument.fxml</file>
            <file>file:/C:/Users/Utilisateur/Documents/NetBeansProjects/ges-inscription/src/entity/Etudiant.java</file>
            <file>file:/C:/Users/Utilisateur/Documents/NetBeansProjects/ges-inscription/src/entity/Inscription.java</file>
            <file>file:/C:/Users/Utilisateur/Documents/NetBeansProjects/ges-inscription/src/application/GesInscription.java</file>
            <file>file:/C:/Users/Utilisateur/Documents/NetBeansProjects/ges-inscription/src/dao/DaoClasse.java</file>
            <file>file:/C:/Users/Utilisateur/Documents/NetBeansProjects/ges-inscription/src/services/Service.java</file>
            <file>file:/C:/Users/Utilisateur/Documents/NetBeansProjects/ges-inscription/src/entity/User.java</file>
            <file>file:/C:/Users/Utilisateur/Documents/NetBeansProjects/ges-inscription/src/dao/DaoAdmin.java</file>
            <file>file:/C:/Users/Utilisateur/Documents/NetBeansProjects/ges-inscription/src/dao/DaoClasseProfesseur.java</file>
            <file>file:/C:/Users/Utilisateur/Documents/NetBeansProjects/ges-inscription/src/dao/DaoProfesseur.java</file>
            <file>file:/C:/Users/Utilisateur/Documents/NetBeansProjects/ges-inscription/src/entity/Admin.java</file>
            <file>file:/C:/Users/Utilisateur/Documents/NetBeansProjects/ges-inscription/src/services/IService.java</file>
        </group>
    </open-files>
</project-private>
